WILAYAH_KERJA,OPERATOR,AFE_NO,BUDGET_SCHEDULE,AFE_STATUS,CONTRACT_AREA,CONTRACT_AREA_NO,ACTIVITY_CODE,BASIN,SURVEY_TYPE,OBJECTIVE,LOCATION,MEETING_DATE,PLATFORM_TRIPOD,SAMPLE,SINGLE_DUAL_TRIPLE,PROJECT_NAME,PROJECT_TYPE,WELL_NAME,WELL_TYPE,PROGRAM_NAME,PROGRAM_NO,ESP,KM,MAN_HOURS,MUD_TYPE,HORSE_POWER,IMPURITIES_CONTENT,DIAMETER,SHOOT_POINT,TROUGHPUT,CAPACITY,OG_RESERVOIR,EVALUATION_NOTE,EXTERNAL_JUSTIFICATION,POD_REF_NO,EST_PRODUCTION_GAIN,FIELD,STRUCTURE,ELEVATION,ELEVATION_KB,SURFACE_COORDINATE_LATITUDE,SURFACE_COORDINATE_LONGITUDE,TARGET_EVALUASI,CASHING_MATERIAL,PLAN__TOTAL_DEPTH,PLAN_WELL_COST_PER_DAY,PLAN_WELL_COST_PER_FOOT,PLAN_DRILLING_DAYS,PLAN_MOVING_DAYS,PLAN_MOB_DEMOB,WPAB,WPAB_REF_NO,CREATED_DATE,EST_START_DATE
SUMATERA,PERTAMINA HULU,24-0000-E,18E - Exploration & Exploitation,Approved,SUMATERA BLOCK PSC,CA-100,G&G,INDONESIA BASIN,SEISMIC 3D,Structure Mapping,Site-0,2/1/2024 0:00,Yes,Rock Core,Dual,Project-0,Development,Well-0,Appraisal,Standard Program,PROG-0,No,131.37,2834,Water Based Mud,1459,Low,9.9,SP-0,Moderate,Low,Layer-0,Satisfactory analysis result.,Strategic asset development,POD-0,2005,Field-0,Structure-0,88.1,3.5,-0.5309,111.4,Target-0,Composite,1197,174416,47,10,5,3,WPAB-0,REF-0,1/1/2024 0:00,3/1/2024 0:00
SUMATERA,BP INDONESIA,24-0001-E,18E - Exploration & Exploitation,Closed Out,BINTUNI BLOCK PSC,CA-101,G&G,INDONESIA BASIN,MAGNETIC,Reservoir Imaging,Site-1,2/2/2024 0:00,Yes,Rock Core,Single,Project-1,Exploration,Well-1,Development,Standard Program,PROG-1,No,146.67,2194,Oil Based Mud,569,Low,9.1,SP-1,Low,Low,Layer-1,Satisfactory analysis result.,Strategic asset development,POD-1,2174,Field-1,Structure-1,59.5,1.7,-0.6615,136.6459,Target-1,Composite,3514,156245,34,28,2,1,WPAB-1,REF-1,1/1/2024 0:00,3/2/2024 0:00
MAHAKAM,CONOCOPHILLIPS,24-0002-E,18E - Exploration & Exploitation,Closed Out,MAHAKAM BLOCK PSC,CA-102,G&G,INDONESIA BASIN,MAGNETIC,Reservoir Imaging,Site-2,2/3/2024 0:00,Yes,Rock Core,Single,Project-2,Development,Well-2,Exploration,Standard Program,PROG-2,No,99.95,2119,Oil Based Mud,1306,High,10.1,SP-2,High,Medium,Layer-2,Satisfactory analysis result.,Strategic asset development,POD-2,2755,Field-2,Structure-2,41.8,1.2,-0.7557,137.4328,Target-2,Steel,1840,111535,45,32,2,1,WPAB-2,REF-2,1/1/2024 0:00,3/3/2024 0:00
BINTUNI,PERTAMINA HULU,24-0003-E,18E - Exploration & Exploitation,Closed Out,BARITO BLOCK PSC,CA-103,G&G,INDONESIA BASIN,SEISMIC 2D,Structure Mapping,Site-3,2/4/2024 0:00,Yes,Rock Core,Single,Project-3,Development,Well-3,Exploration,Standard Program,PROG-3,Yes,111.29,1144,Water Based Mud,882,Low,6.4,SP-3,High,Low,Layer-3,Satisfactory analysis result.,Strategic asset development,POD-3,2148,Field-3,Structure-3,39,2.2,-2.0576,112.2911,Target-3,Steel,2662,147551,36,38,4,3,WPAB-3,REF-3,1/1/2024 0:00,3/4/2024 0:00
MAHAKAM,CONOCOPHILLIPS,24-0004-E,18E - Exploration & Exploitation,Draft,SUMATERA BLOCK PSC,CA-104,G&G,INDONESIA BASIN,SEISMIC 3D,Reservoir Imaging,Site-4,2/5/2024 0:00,Yes,Rock Core,Dual,Project-4,Exploration,Well-4,Appraisal,Standard Program,PROG-4,No,66.24,1589,Oil Based Mud,1212,High,11.2,SP-4,High,High,Layer-4,Satisfactory analysis result.,Strategic asset development,POD-4,2267,Field-4,Structure-4,71.4,4.8,-2.6441,129.7517,Target-4,Steel,2715,158372,44,37,2,1,WPAB-4,REF-4,1/1/2024 0:00,3/5/2024 0:00
MAHAKAM,CONOCOPHILLIPS,24-0005-E,18E - Exploration & Exploitation,Closed Out,BINTUNI BLOCK PSC,CA-105,G&G,INDONESIA BASIN,SEISMIC 3D,Structure Mapping,Site-5,2/6/2024 0:00,No,Rock Core,Triple,Project-5,Exploration,Well-5,Appraisal,Standard Program,PROG-5,Yes,131.02,2273,Oil Based Mud,1354,High,10.6,SP-5,Low,High,Layer-5,Satisfactory analysis result.,Strategic asset development,POD-5,1122,Field-5,Structure-5,71,4.1,-2.8152,138.6719,Target-5,Composite,1676,110785,40,31,5,2,WPAB-5,REF-5,1/1/2024 0:00,3/6/2024 0:00
SERAM,CONOCOPHILLIPS,24-0006-E,18E - Exploration & Exploitation,Approved,BINTUNI BLOCK PSC,CA-106,G&G,INDONESIA BASIN,MAGNETIC,Reservoir Imaging,Site-6,2/7/2024 0:00,Yes,Rock Core,Single,Project-6,Exploration,Well-6,Development,Standard Program,PROG-6,No,57.38,1175,Oil Based Mud,1306,Low,10.9,SP-6,High,Medium,Layer-6,Satisfactory analysis result.,Strategic asset development,POD-6,1215,Field-6,Structure-6,99.4,2.1,-0.8394,99.4698,Target-6,Steel,3354,111085,48,27,2,3,WPAB-6,REF-6,1/1/2024 0:00,3/7/2024 0:00
SERAM,CONOCOPHILLIPS,24-0007-E,18E - Exploration & Exploitation,Closed Out,SUMATERA BLOCK PSC,CA-107,G&G,INDONESIA BASIN,SEISMIC 2D,Reservoir Imaging,Site-7,2/8/2024 0:00,Yes,Rock Core,Single,Project-7,Exploration,Well-7,Exploration,Standard Program,PROG-7,No,133.75,2134,Water Based Mud,717,High,10.6,SP-7,Moderate,Medium,Layer-7,Satisfactory analysis result.,Strategic asset development,POD-7,1413,Field-7,Structure-7,28.9,2.4,-2.1868,128.0219,Target-7,Steel,2931,135138,45,24,5,2,WPAB-7,REF-7,1/1/2024 0:00,3/8/2024 0:00
SUMATERA,BP INDONESIA,24-0008-E,18E - Exploration & Exploitation,Approved,BARITO BLOCK PSC,CA-108,G&G,INDONESIA BASIN,MAGNETIC,Reservoir Imaging,Site-8,2/9/2024 0:00,Yes,Rock Core,Triple,Project-8,Development,Well-8,Development,Standard Program,PROG-8,Yes,107.56,1910,Water Based Mud,1117,High,8.4,SP-8,Moderate,Low,Layer-8,Satisfactory analysis result.,Strategic asset development,POD-8,2726,Field-8,Structure-8,31.9,2.9,-2.2059,135.9754,Target-8,Steel,2378,158163,33,22,5,3,WPAB-8,REF-8,1/1/2024 0:00,3/9/2024 0:00
MAHAKAM,CONOCOPHILLIPS,24-0009-E,18E - Exploration & Exploitation,Closed Out,MAHAKAM BLOCK PSC,CA-109,G&G,INDONESIA BASIN,SEISMIC 3D,Stratigraphic Correlation,Site-9,2/10/2024 0:00,Yes,Rock Core,Triple,Project-9,Development,Well-9,Development,Standard Program,PROG-9,Yes,61.59,2216,Water Based Mud,1096,Low,10.4,SP-9,Low,High,Layer-9,Satisfactory analysis result.,Strategic asset development,POD-9,2175,Field-9,Structure-9,87.7,4.8,-1.1984,98.6958,Target-9,Steel,2955,120955,35,22,3,2,WPAB-9,REF-9,1/1/2024 0:00,3/10/2024 0:00
SUMATERA,BP INDONESIA,24-0010-E,18E - Exploration & Exploitation,Draft,SUMATERA BLOCK PSC,CA-110,G&G,INDONESIA BASIN,MAGNETIC,Stratigraphic Correlation,Site-10,2/11/2024 0:00,No,Rock Core,Triple,Project-10,Development,Well-10,Appraisal,Standard Program,PROG-10,No,169.38,1587,Oil Based Mud,956,Low,11.8,SP-10,Moderate,High,Layer-10,Satisfactory analysis result.,Strategic asset development,POD-10,1748,Field-10,Structure-10,86.4,4.2,-1.6682,136.3664,Target-10,Composite,2215,134845,49,35,3,1,WPAB-10,REF-10,1/1/2024 0:00,3/11/2024 0:00
SERAM,CONOCOPHILLIPS,24-0011-E,18E - Exploration & Exploitation,Approved,BARITO BLOCK PSC,CA-111,G&G,INDONESIA BASIN,GRAVITY,Hydrocarbon Detection,Site-11,2/12/2024 0:00,Yes,Rock Core,Triple,Project-11,Exploration,Well-11,Appraisal,Standard Program,PROG-11,No,51.97,1938,Oil Based Mud,1113,Medium,8.7,SP-11,High,Low,Layer-11,Satisfactory analysis result.,Strategic asset development,POD-11,1394,Field-11,Structure-11,47.7,3.2,-2.8677,105.2088,Target-11,Steel,3079,149379,38,38,4,2,WPAB-11,REF-11,1/1/2024 0:00,3/12/2024 0:00
SERAM,ALTAR RESOURCES,24-0012-E,18E - Exploration & Exploitation,Closed Out,SERAM BLOCK PSC,CA-112,G&G,INDONESIA BASIN,G&G STUDY,Reservoir Imaging,Site-12,2/13/2024 0:00,Yes,Rock Core,Dual,Project-12,Development,Well-12,Development,Standard Program,PROG-12,No,199.24,1402,Water Based Mud,1471,High,8.8,SP-12,Moderate,High,Layer-12,Satisfactory analysis result.,Strategic asset development,POD-12,2904,Field-12,Structure-12,88.3,3.4,-0.9579,131.1385,Target-12,Steel,1517,151737,39,39,4,3,WPAB-12,REF-12,1/1/2024 0:00,3/13/2024 0:00
BINTUNI,BP INDONESIA,24-0013-E,18E - Exploration & Exploitation,Approved,SUMATERA BLOCK PSC,CA-113,G&G,INDONESIA BASIN,SEISMIC 2D,Hydrocarbon Detection,Site-13,2/14/2024 0:00,Yes,Rock Core,Triple,Project-13,Exploration,Well-13,Development,Standard Program,PROG-13,Yes,65.31,2355,Water Based Mud,1229,High,9,SP-13,High,Medium,Layer-13,Satisfactory analysis result.,Strategic asset development,POD-13,1333,Field-13,Structure-13,75.9,1.9,-2.4686,116.4092,Target-13,Composite,1173,188235,41,18,3,3,WPAB-13,REF-13,1/1/2024 0:00,3/14/2024 0:00
SERAM,ALTAR RESOURCES,24-0014-E,18E - Exploration & Exploitation,Closed Out,BINTUNI BLOCK PSC,CA-114,G&G,INDONESIA BASIN,G&G STUDY,Hydrocarbon Detection,Site-14,2/15/2024 0:00,Yes,Rock Core,Triple,Project-14,Exploration,Well-14,Appraisal,Standard Program,PROG-14,Yes,150.38,1106,Water Based Mud,1446,Medium,10.3,SP-14,Low,High,Layer-14,Satisfactory analysis result.,Strategic asset development,POD-14,1921,Field-14,Structure-14,96.7,3.6,-1.3885,113.8109,Target-14,Composite,1856,101474,39,24,4,3,WPAB-14,REF-14,1/1/2024 0:00,3/15/2024 0:00
SUMATERA,PERTAMINA HULU,24-0015-E,18E - Exploration & Exploitation,Closed Out,BARITO BLOCK PSC,CA-115,G&G,INDONESIA BASIN,G&G STUDY,Hydrocarbon Detection,Site-15,2/16/2024 0:00,No,Rock Core,Triple,Project-15,Exploration,Well-15,Appraisal,Standard Program,PROG-15,Yes,66.22,1622,Oil Based Mud,708,Low,11.1,SP-15,Moderate,Low,Layer-15,Satisfactory analysis result.,Strategic asset development,POD-15,1825,Field-15,Structure-15,60.4,4.1,-0.335,97.8969,Target-15,Steel,1235,173864,48,32,3,1,WPAB-15,REF-15,1/1/2024 0:00,3/16/2024 0:00
BARITO,REPSOL,24-0016-E,18E - Exploration & Exploitation,Draft,SERAM BLOCK PSC,CA-116,G&G,INDONESIA BASIN,SEISMIC 2D,Stratigraphic Correlation,Site-16,2/17/2024 0:00,No,Rock Core,Triple,Project-16,Development,Well-16,Exploration,Standard Program,PROG-16,Yes,165.41,2447,Oil Based Mud,996,High,9.1,SP-16,Low,High,Layer-16,Satisfactory analysis result.,Strategic asset development,POD-16,2321,Field-16,Structure-16,76.6,1.7,-2.0996,111.4408,Target-16,Steel,3718,145435,48,34,2,3,WPAB-16,REF-16,1/1/2024 0:00,3/17/2024 0:00
BARITO,ALTAR RESOURCES,24-0017-E,18E - Exploration & Exploitation,Draft,BARITO BLOCK PSC,CA-117,G&G,INDONESIA BASIN,G&G STUDY,Structure Mapping,Site-17,2/18/2024 0:00,Yes,Rock Core,Triple,Project-17,Exploration,Well-17,Development,Standard Program,PROG-17,Yes,53.34,2068,Water Based Mud,542,Low,7.5,SP-17,High,Low,Layer-17,Satisfactory analysis result.,Strategic asset development,POD-17,2404,Field-17,Structure-17,33.7,3.9,-1.8854,101.0034,Target-17,Steel,2438,161865,35,23,4,2,WPAB-17,REF-17,1/1/2024 0:00,3/18/2024 0:00
SERAM,CONOCOPHILLIPS,24-0018-E,18E - Exploration & Exploitation,Draft,BINTUNI BLOCK PSC,CA-118,G&G,INDONESIA BASIN,G&G STUDY,Hydrocarbon Detection,Site-18,2/19/2024 0:00,No,Rock Core,Single,Project-18,Exploration,Well-18,Development,Standard Program,PROG-18,No,161.73,2413,Water Based Mud,1183,Low,7.1,SP-18,High,Medium,Layer-18,Satisfactory analysis result.,Strategic asset development,POD-18,2783,Field-18,Structure-18,70.6,3.2,-2.7496,112.4456,Target-18,Steel,1745,164265,47,34,3,2,WPAB-18,REF-18,1/1/2024 0:00,3/19/2024 0:00
SERAM,BP INDONESIA,24-0019-E,18E - Exploration & Exploitation,Draft,SUMATERA BLOCK PSC,CA-119,G&G,INDONESIA BASIN,MAGNETIC,Reservoir Imaging,Site-19,2/20/2024 0:00,Yes,Rock Core,Single,Project-19,Exploration,Well-19,Appraisal,Standard Program,PROG-19,No,51.07,2892,Oil Based Mud,1047,Low,11,SP-19,Low,High,Layer-19,Satisfactory analysis result.,Strategic asset development,POD-19,2601,Field-19,Structure-19,20.1,3.4,-0.9613,108.1274,Target-19,Composite,2835,131596,43,21,5,3,WPAB-19,REF-19,1/1/2024 0:00,3/20/2024 0:00
SUMATERA,PERTAMINA HULU,24-0020-E,18E - Exploration & Exploitation,Draft,SUMATERA BLOCK PSC,CA-120,G&G,INDONESIA BASIN,SEISMIC 3D,Stratigraphic Correlation,Site-20,2/21/2024 0:00,Yes,Rock Core,Single,Project-20,Development,Well-20,Exploration,Standard Program,PROG-20,Yes,112.91,2587,Oil Based Mud,525,Low,6.2,SP-20,Moderate,Medium,Layer-20,Satisfactory analysis result.,Strategic asset development,POD-20,2087,Field-20,Structure-20,24.9,4.6,-2.7073,104.2228,Target-20,Composite,2278,135762,42,32,5,1,WPAB-20,REF-20,1/1/2024 0:00,3/21/2024 0:00
SUMATERA,ALTAR RESOURCES,24-0021-E,18E - Exploration & Exploitation,Draft,BINTUNI BLOCK PSC,CA-121,G&G,INDONESIA BASIN,G&G STUDY,Stratigraphic Correlation,Site-21,2/22/2024 0:00,Yes,Rock Core,Triple,Project-21,Exploration,Well-21,Development,Standard Program,PROG-21,Yes,130.6,1864,Water Based Mud,1484,Medium,7.9,SP-21,Low,Medium,Layer-21,Satisfactory analysis result.,Strategic asset development,POD-21,2501,Field-21,Structure-21,90.4,2.3,-1.9258,135.0923,Target-21,Composite,2141,108283,47,18,4,3,WPAB-21,REF-21,1/1/2024 0:00,3/22/2024 0:00
BARITO,PERTAMINA HULU,24-0022-E,18E - Exploration & Exploitation,Draft,MAHAKAM BLOCK PSC,CA-122,G&G,INDONESIA BASIN,MAGNETIC,Structure Mapping,Site-22,2/23/2024 0:00,Yes,Rock Core,Triple,Project-22,Development,Well-22,Appraisal,Standard Program,PROG-22,Yes,91.23,2876,Water Based Mud,1009,Medium,6.9,SP-22,Low,High,Layer-22,Satisfactory analysis result.,Strategic asset development,POD-22,1260,Field-22,Structure-22,57.7,2.1,-2.003,136.9879,Target-22,Composite,3746,194542,32,22,2,2,WPAB-22,REF-22,1/1/2024 0:00,3/23/2024 0:00
BARITO,ALTAR RESOURCES,24-0023-E,18E - Exploration & Exploitation,Approved,MAHAKAM BLOCK PSC,CA-123,G&G,INDONESIA BASIN,GRAVITY,Stratigraphic Correlation,Site-23,2/24/2024 0:00,Yes,Rock Core,Dual,Project-23,Exploration,Well-23,Exploration,Standard Program,PROG-23,Yes,182.66,1692,Water Based Mud,1452,Low,11.4,SP-23,High,Medium,Layer-23,Satisfactory analysis result.,Strategic asset development,POD-23,1270,Field-23,Structure-23,78.2,4.1,-1.0933,104.9895,Target-23,Steel,2513,152174,50,32,5,2,WPAB-23,REF-23,1/1/2024 0:00,3/24/2024 0:00
SERAM,BP INDONESIA,24-0024-E,18E - Exploration & Exploitation,Closed Out,SERAM BLOCK PSC,CA-124,G&G,INDONESIA BASIN,SEISMIC 3D,Structure Mapping,Site-24,2/25/2024 0:00,No,Rock Core,Single,Project-24,Exploration,Well-24,Exploration,Standard Program,PROG-24,No,70.25,1717,Water Based Mud,1124,Low,6.1,SP-24,Low,High,Layer-24,Satisfactory analysis result.,Strategic asset development,POD-24,2222,Field-24,Structure-24,95.5,1.8,-2.0063,97.4511,Target-24,Steel,1595,155720,30,32,3,2,WPAB-24,REF-24,1/1/2024 0:00,3/25/2024 0:00
BINTUNI,PERTAMINA HULU,24-0025-E,18E - Exploration & Exploitation,Closed Out,MAHAKAM BLOCK PSC,CA-125,G&G,INDONESIA BASIN,SEISMIC 2D,Reservoir Imaging,Site-25,2/26/2024 0:00,Yes,Rock Core,Triple,Project-25,Exploration,Well-25,Appraisal,Standard Program,PROG-25,No,117.97,2778,Oil Based Mud,1223,Medium,10.7,SP-25,High,Low,Layer-25,Satisfactory analysis result.,Strategic asset development,POD-25,1279,Field-25,Structure-25,68.5,2.1,-0.532,133.2551,Target-25,Composite,1872,152708,43,12,5,2,WPAB-25,REF-25,1/1/2024 0:00,3/26/2024 0:00
BINTUNI,PERTAMINA HULU,24-0026-E,18E - Exploration & Exploitation,Closed Out,SERAM BLOCK PSC,CA-126,G&G,INDONESIA BASIN,G&G STUDY,Reservoir Imaging,Site-26,2/27/2024 0:00,No,Rock Core,Dual,Project-26,Development,Well-26,Development,Standard Program,PROG-26,Yes,63.9,2743,Oil Based Mud,513,High,7.9,SP-26,High,High,Layer-26,Satisfactory analysis result.,Strategic asset development,POD-26,2038,Field-26,Structure-26,66.8,1.9,-2.8247,117.6148,Target-26,Steel,3601,105314,43,28,2,1,WPAB-26,REF-26,1/1/2024 0:00,3/27/2024 0:00
SUMATERA,REPSOL,24-0027-E,18E - Exploration & Exploitation,Approved,BINTUNI BLOCK PSC,CA-127,G&G,INDONESIA BASIN,MAGNETIC,Stratigraphic Correlation,Site-27,2/28/2024 0:00,No,Rock Core,Dual,Project-27,Development,Well-27,Development,Standard Program,PROG-27,No,57.54,2979,Water Based Mud,1081,Low,6.1,SP-27,Low,High,Layer-27,Satisfactory analysis result.,Strategic asset development,POD-27,1619,Field-27,Structure-27,97.3,4.2,-1.9871,135.3594,Target-27,Steel,2345,191331,37,34,5,2,WPAB-27,REF-27,1/1/2024 0:00,3/28/2024 0:00
SERAM,BP INDONESIA,24-0028-E,18E - Exploration & Exploitation,Approved,BINTUNI BLOCK PSC,CA-128,G&G,INDONESIA BASIN,SEISMIC 2D,Stratigraphic Correlation,Site-28,2/29/2024 0:00,No,Rock Core,Triple,Project-28,Development,Well-28,Exploration,Standard Program,PROG-28,No,166.58,2564,Oil Based Mud,1047,High,6.2,SP-28,Moderate,Medium,Layer-28,Satisfactory analysis result.,Strategic asset development,POD-28,2856,Field-28,Structure-28,40.7,3,-0.559,131.1734,Target-28,Steel,2484,199639,36,20,2,2,WPAB-28,REF-28,1/1/2024 0:00,3/29/2024 0:00
MAHAKAM,REPSOL,24-0029-E,18E - Exploration & Exploitation,Draft,SERAM BLOCK PSC,CA-129,G&G,INDONESIA BASIN,SEISMIC 3D,Hydrocarbon Detection,Site-29,3/1/2024 0:00,No,Rock Core,Triple,Project-29,Exploration,Well-29,Appraisal,Standard Program,PROG-29,No,89.7,1803,Oil Based Mud,741,High,8.8,SP-29,High,High,Layer-29,Satisfactory analysis result.,Strategic asset development,POD-29,2776,Field-29,Structure-29,47.4,3.9,-1.0922,111.2733,Target-29,Steel,3541,168669,47,22,4,2,WPAB-29,REF-29,1/1/2024 0:00,3/30/2024 0:00
SUMATERA,ALTAR RESOURCES,24-0030-E,18E - Exploration & Exploitation,Draft,SERAM BLOCK PSC,CA-130,G&G,INDONESIA BASIN,SEISMIC 3D,Reservoir Imaging,Site-30,3/2/2024 0:00,Yes,Rock Core,Triple,Project-30,Development,Well-30,Appraisal,Standard Program,PROG-30,Yes,108.62,1989,Water Based Mud,1077,High,9.5,SP-30,Low,Medium,Layer-30,Satisfactory analysis result.,Strategic asset development,POD-30,2390,Field-30,Structure-30,45,4.4,-0.4806,117.4163,Target-30,Composite,3390,135318,38,28,2,2,WPAB-30,REF-30,1/1/2024 0:00,3/31/2024 0:00
SERAM,CONOCOPHILLIPS,24-0031-E,18E - Exploration & Exploitation,Draft,BINTUNI BLOCK PSC,CA-131,G&G,INDONESIA BASIN,G&G STUDY,Reservoir Imaging,Site-31,3/3/2024 0:00,No,Rock Core,Dual,Project-31,Development,Well-31,Exploration,Standard Program,PROG-31,Yes,73.46,1254,Water Based Mud,1007,Low,11.2,SP-31,Moderate,Medium,Layer-31,Satisfactory analysis result.,Strategic asset development,POD-31,1828,Field-31,Structure-31,66.9,2.7,-2.613,105.044,Target-31,Steel,3602,169849,34,20,4,3,WPAB-31,REF-31,1/1/2024 0:00,4/1/2024 0:00
BARITO,PERTAMINA HULU,24-0032-E,18E - Exploration & Exploitation,Approved,BINTUNI BLOCK PSC,CA-132,G&G,INDONESIA BASIN,MAGNETIC,Stratigraphic Correlation,Site-32,3/4/2024 0:00,No,Rock Core,Triple,Project-32,Development,Well-32,Appraisal,Standard Program,PROG-32,No,53.2,2619,Oil Based Mud,954,Low,9.2,SP-32,Low,High,Layer-32,Satisfactory analysis result.,Strategic asset development,POD-32,2742,Field-32,Structure-32,93.4,2.2,-0.8446,96.2985,Target-32,Steel,3153,116043,47,13,2,1,WPAB-32,REF-32,1/1/2024 0:00,4/2/2024 0:00
BARITO,REPSOL,24-0033-E,18E - Exploration & Exploitation,Draft,SUMATERA BLOCK PSC,CA-133,G&G,INDONESIA BASIN,MAGNETIC,Reservoir Imaging,Site-33,3/5/2024 0:00,No,Rock Core,Dual,Project-33,Development,Well-33,Development,Standard Program,PROG-33,Yes,72.78,2025,Oil Based Mud,651,High,7.8,SP-33,Low,Low,Layer-33,Satisfactory analysis result.,Strategic asset development,POD-33,2844,Field-33,Structure-33,97.6,1.6,-2.4547,102.4755,Target-33,Composite,2875,184487,30,33,5,2,WPAB-33,REF-33,1/1/2024 0:00,4/3/2024 0:00
MAHAKAM,BP INDONESIA,24-0034-E,18E - Exploration & Exploitation,Closed Out,SUMATERA BLOCK PSC,CA-134,G&G,INDONESIA BASIN,MAGNETIC,Reservoir Imaging,Site-34,3/6/2024 0:00,No,Rock Core,Triple,Project-34,Exploration,Well-34,Appraisal,Standard Program,PROG-34,No,170.31,2920,Water Based Mud,1097,Medium,6.9,SP-34,Low,Low,Layer-34,Satisfactory analysis result.,Strategic asset development,POD-34,2779,Field-34,Structure-34,22.7,3,-0.128,98.2272,Target-34,Steel,2214,144047,43,30,4,3,WPAB-34,REF-34,1/1/2024 0:00,4/4/2024 0:00
SERAM,PERTAMINA HULU,24-0035-E,18E - Exploration & Exploitation,Approved,BINTUNI BLOCK PSC,CA-135,G&G,INDONESIA BASIN,SEISMIC 2D,Stratigraphic Correlation,Site-35,3/7/2024 0:00,No,Rock Core,Dual,Project-35,Exploration,Well-35,Development,Standard Program,PROG-35,Yes,75.76,2278,Water Based Mud,763,High,11.1,SP-35,Low,Low,Layer-35,Satisfactory analysis result.,Strategic asset development,POD-35,1787,Field-35,Structure-35,26.3,1.3,-1.6101,130.351,Target-35,Steel,2625,194650,31,37,5,1,WPAB-35,REF-35,1/1/2024 0:00,4/5/2024 0:00
SUMATERA,ALTAR RESOURCES,24-0036-E,18E - Exploration & Exploitation,Draft,SERAM BLOCK PSC,CA-136,G&G,INDONESIA BASIN,MAGNETIC,Stratigraphic Correlation,Site-36,3/8/2024 0:00,Yes,Rock Core,Dual,Project-36,Exploration,Well-36,Exploration,Standard Program,PROG-36,No,55.88,2409,Water Based Mud,1239,Low,6.1,SP-36,Low,Medium,Layer-36,Satisfactory analysis result.,Strategic asset development,POD-36,1733,Field-36,Structure-36,64.6,3.1,-0.7525,98.357,Target-36,Composite,1511,154635,47,36,4,3,WPAB-36,REF-36,1/1/2024 0:00,4/6/2024 0:00
SUMATERA,ALTAR RESOURCES,24-0037-E,18E - Exploration & Exploitation,Draft,SERAM BLOCK PSC,CA-137,G&G,INDONESIA BASIN,MAGNETIC,Hydrocarbon Detection,Site-37,3/9/2024 0:00,Yes,Rock Core,Single,Project-37,Development,Well-37,Appraisal,Standard Program,PROG-37,Yes,186.36,1377,Oil Based Mud,1423,Medium,11.3,SP-37,High,Low,Layer-37,Satisfactory analysis result.,Strategic asset development,POD-37,1152,Field-37,Structure-37,65.3,2.3,-1.4308,127.4391,Target-37,Steel,2448,191179,34,10,5,3,WPAB-37,REF-37,1/1/2024 0:00,4/7/2024 0:00
BINTUNI,BP INDONESIA,24-0038-E,18E - Exploration & Exploitation,Closed Out,BARITO BLOCK PSC,CA-138,G&G,INDONESIA BASIN,SEISMIC 2D,Reservoir Imaging,Site-38,3/10/2024 0:00,Yes,Rock Core,Dual,Project-38,Exploration,Well-38,Development,Standard Program,PROG-38,Yes,127.3,2165,Oil Based Mud,1028,High,6.8,SP-38,High,High,Layer-38,Satisfactory analysis result.,Strategic asset development,POD-38,1911,Field-38,Structure-38,71.1,1.5,-1.7371,96.9159,Target-38,Composite,1554,141211,38,15,3,2,WPAB-38,REF-38,1/1/2024 0:00,4/8/2024 0:00
MAHAKAM,BP INDONESIA,24-0039-E,18E - Exploration & Exploitation,Approved,SUMATERA BLOCK PSC,CA-139,G&G,INDONESIA BASIN,MAGNETIC,Reservoir Imaging,Site-39,3/11/2024 0:00,No,Rock Core,Dual,Project-39,Exploration,Well-39,Exploration,Standard Program,PROG-39,No,123.89,1326,Water Based Mud,1247,Medium,9.4,SP-39,High,Medium,Layer-39,Satisfactory analysis result.,Strategic asset development,POD-39,2366,Field-39,Structure-39,54.7,4.4,-1.3912,133.9497,Target-39,Composite,3464,151821,44,12,3,1,WPAB-39,REF-39,1/1/2024 0:00,4/9/2024 0:00
BARITO,BP INDONESIA,24-0040-E,18E - Exploration & Exploitation,Draft,BINTUNI BLOCK PSC,CA-140,G&G,INDONESIA BASIN,SEISMIC 3D,Reservoir Imaging,Site-40,3/12/2024 0:00,Yes,Rock Core,Dual,Project-40,Exploration,Well-40,Development,Standard Program,PROG-40,Yes,93.86,2181,Oil Based Mud,850,Medium,7.8,SP-40,Moderate,Low,Layer-40,Satisfactory analysis result.,Strategic asset development,POD-40,2433,Field-40,Structure-40,80.6,3,-2.0067,121.2212,Target-40,Steel,3299,187674,43,38,5,3,WPAB-40,REF-40,1/1/2024 0:00,4/10/2024 0:00
BINTUNI,BP INDONESIA,24-0041-E,18E - Exploration & Exploitation,Approved,BINTUNI BLOCK PSC,CA-141,G&G,INDONESIA BASIN,SEISMIC 3D,Structure Mapping,Site-41,3/13/2024 0:00,No,Rock Core,Single,Project-41,Development,Well-41,Development,Standard Program,PROG-41,No,119.09,2873,Water Based Mud,1310,High,10.9,SP-41,Low,High,Layer-41,Satisfactory analysis result.,Strategic asset development,POD-41,1469,Field-41,Structure-41,30.2,4.9,-2.0699,100.4635,Target-41,Steel,2229,174841,31,10,5,3,WPAB-41,REF-41,1/1/2024 0:00,4/11/2024 0:00
MAHAKAM,ALTAR RESOURCES,24-0042-E,18E - Exploration & Exploitation,Closed Out,BINTUNI BLOCK PSC,CA-142,G&G,INDONESIA BASIN,MAGNETIC,Structure Mapping,Site-42,3/14/2024 0:00,Yes,Rock Core,Dual,Project-42,Exploration,Well-42,Exploration,Standard Program,PROG-42,No,87.07,1231,Oil Based Mud,1460,High,11.4,SP-42,Low,Low,Layer-42,Satisfactory analysis result.,Strategic asset development,POD-42,2100,Field-42,Structure-42,98.4,2,-2.5739,128.3812,Target-42,Composite,3947,134442,49,39,5,3,WPAB-42,REF-42,1/1/2024 0:00,4/12/2024 0:00
SERAM,PERTAMINA HULU,24-0043-E,18E - Exploration & Exploitation,Draft,MAHAKAM BLOCK PSC,CA-143,G&G,INDONESIA BASIN,MAGNETIC,Reservoir Imaging,Site-43,3/15/2024 0:00,No,Rock Core,Triple,Project-43,Exploration,Well-43,Exploration,Standard Program,PROG-43,No,82.47,1772,Oil Based Mud,714,Medium,7.6,SP-43,Moderate,High,Layer-43,Satisfactory analysis result.,Strategic asset development,POD-43,1276,Field-43,Structure-43,60.2,3.1,-2.5065,98.2649,Target-43,Steel,3968,165442,49,13,2,3,WPAB-43,REF-43,1/1/2024 0:00,4/13/2024 0:00
SERAM,REPSOL,24-0044-E,18E - Exploration & Exploitation,Approved,BINTUNI BLOCK PSC,CA-144,G&G,INDONESIA BASIN,MAGNETIC,Reservoir Imaging,Site-44,3/16/2024 0:00,Yes,Rock Core,Dual,Project-44,Development,Well-44,Appraisal,Standard Program,PROG-44,No,62.79,2697,Water Based Mud,986,Low,10.2,SP-44,High,High,Layer-44,Satisfactory analysis result.,Strategic asset development,POD-44,1582,Field-44,Structure-44,25.3,2.2,-0.7219,133.284,Target-44,Composite,1971,127374,46,36,4,1,WPAB-44,REF-44,1/1/2024 0:00,4/14/2024 0:00
BINTUNI,PERTAMINA HULU,24-0045-E,18E - Exploration & Exploitation,Draft,SERAM BLOCK PSC,CA-145,G&G,INDONESIA BASIN,SEISMIC 2D,Structure Mapping,Site-45,3/17/2024 0:00,Yes,Rock Core,Single,Project-45,Development,Well-45,Appraisal,Standard Program,PROG-45,No,169.44,1854,Water Based Mud,1376,Low,8.7,SP-45,High,Medium,Layer-45,Satisfactory analysis result.,Strategic asset development,POD-45,2812,Field-45,Structure-45,65.5,2.1,-0.949,127.7836,Target-45,Steel,2566,166968,36,28,5,3,WPAB-45,REF-45,1/1/2024 0:00,4/15/2024 0:00
BARITO,PERTAMINA HULU,24-0046-E,18E - Exploration & Exploitation,Draft,BARITO BLOCK PSC,CA-146,G&G,INDONESIA BASIN,SEISMIC 2D,Hydrocarbon Detection,Site-46,3/18/2024 0:00,Yes,Rock Core,Triple,Project-46,Exploration,Well-46,Exploration,Standard Program,PROG-46,Yes,195.06,1233,Oil Based Mud,1303,Low,9.8,SP-46,Low,Low,Layer-46,Satisfactory analysis result.,Strategic asset development,POD-46,1576,Field-46,Structure-46,55.9,3.3,-2.4243,108.7131,Target-46,Steel,3390,166032,33,12,3,2,WPAB-46,REF-46,1/1/2024 0:00,4/16/2024 0:00
BINTUNI,CONOCOPHILLIPS,24-0047-E,18E - Exploration & Exploitation,Closed Out,MAHAKAM BLOCK PSC,CA-147,G&G,INDONESIA BASIN,SEISMIC 2D,Stratigraphic Correlation,Site-47,3/19/2024 0:00,Yes,Rock Core,Single,Project-47,Exploration,Well-47,Development,Standard Program,PROG-47,Yes,146.61,2084,Oil Based Mud,528,Medium,6.7,SP-47,Moderate,Medium,Layer-47,Satisfactory analysis result.,Strategic asset development,POD-47,1339,Field-47,Structure-47,80.7,1.7,-1.0498,96.9055,Target-47,Steel,3478,129815,47,25,3,2,WPAB-47,REF-47,1/1/2024 0:00,4/17/2024 0:00
BARITO,BP INDONESIA,24-0048-E,18E - Exploration & Exploitation,Approved,SERAM BLOCK PSC,CA-148,G&G,INDONESIA BASIN,G&G STUDY,Structure Mapping,Site-48,3/20/2024 0:00,No,Rock Core,Single,Project-48,Development,Well-48,Appraisal,Standard Program,PROG-48,No,133.6,1620,Water Based Mud,1331,High,8.4,SP-48,High,High,Layer-48,Satisfactory analysis result.,Strategic asset development,POD-48,1522,Field-48,Structure-48,44.1,1.9,-0.5328,122.4442,Target-48,Steel,1058,116825,43,17,5,3,WPAB-48,REF-48,1/1/2024 0:00,4/18/2024 0:00
SUMATERA,ALTAR RESOURCES,24-0049-E,18E - Exploration & Exploitation,Approved,SERAM BLOCK PSC,CA-149,G&G,INDONESIA BASIN,MAGNETIC,Stratigraphic Correlation,Site-49,3/21/2024 0:00,Yes,Rock Core,Single,Project-49,Exploration,Well-49,Appraisal,Standard Program,PROG-49,No,101.19,2376,Oil Based Mud,1090,High,8,SP-49,High,High,Layer-49,Satisfactory analysis result.,Strategic asset development,POD-49,2085,Field-49,Structure-49,57.1,4.8,-2.443,113.71,Target-49,Steel,1627,143653,39,37,4,2,WPAB-49,REF-49,1/1/2024 0:00,4/19/2024 0:00
MAHAKAM,REPSOL,24-0050-E,18E - Exploration & Exploitation,Closed Out,BINTUNI BLOCK PSC,CA-150,G&G,INDONESIA BASIN,G&G STUDY,Stratigraphic Correlation,Site-50,3/22/2024 0:00,No,Rock Core,Single,Project-50,Exploration,Well-50,Development,Standard Program,PROG-50,Yes,161.26,1339,Oil Based Mud,1447,High,11.9,SP-50,Moderate,High,Layer-50,Satisfactory analysis result.,Strategic asset development,POD-50,1486,Field-50,Structure-50,85,4.3,-1.4317,95.4573,Target-50,Composite,1220,156905,39,15,2,1,WPAB-50,REF-50,1/1/2024 0:00,4/20/2024 0:00
BARITO,CONOCOPHILLIPS,24-0051-E,18E - Exploration & Exploitation,Approved,SUMATERA BLOCK PSC,CA-151,G&G,INDONESIA BASIN,SEISMIC 3D,Reservoir Imaging,Site-51,3/23/2024 0:00,No,Rock Core,Triple,Project-51,Exploration,Well-51,Development,Standard Program,PROG-51,No,54.49,2860,Water Based Mud,762,Low,7.1,SP-51,Low,Low,Layer-51,Satisfactory analysis result.,Strategic asset development,POD-51,1347,Field-51,Structure-51,42.5,3.8,-1.3867,95.7518,Target-51,Composite,3037,132543,33,29,3,3,WPAB-51,REF-51,1/1/2024 0:00,4/21/2024 0:00
SERAM,CONOCOPHILLIPS,24-0052-E,18E - Exploration & Exploitation,Closed Out,SERAM BLOCK PSC,CA-152,G&G,INDONESIA BASIN,SEISMIC 2D,Stratigraphic Correlation,Site-52,3/24/2024 0:00,Yes,Rock Core,Dual,Project-52,Development,Well-52,Appraisal,Standard Program,PROG-52,Yes,170.21,1318,Water Based Mud,575,High,6.6,SP-52,High,Low,Layer-52,Satisfactory analysis result.,Strategic asset development,POD-52,1987,Field-52,Structure-52,56,1,-0.784,126.0336,Target-52,Composite,1586,157889,48,20,2,1,WPAB-52,REF-52,1/1/2024 0:00,4/22/2024 0:00
BINTUNI,BP INDONESIA,24-0053-E,18E - Exploration & Exploitation,Closed Out,SUMATERA BLOCK PSC,CA-153,G&G,INDONESIA BASIN,G&G STUDY,Reservoir Imaging,Site-53,3/25/2024 0:00,Yes,Rock Core,Dual,Project-53,Exploration,Well-53,Development,Standard Program,PROG-53,No,127.04,1767,Water Based Mud,952,High,6.7,SP-53,Moderate,Medium,Layer-53,Satisfactory analysis result.,Strategic asset development,POD-53,2277,Field-53,Structure-53,85.9,4.6,-2.4647,115.5577,Target-53,Composite,1863,120672,32,33,3,3,WPAB-53,REF-53,1/1/2024 0:00,4/23/2024 0:00
SUMATERA,ALTAR RESOURCES,24-0054-E,18E - Exploration & Exploitation,Draft,SERAM BLOCK PSC,CA-154,G&G,INDONESIA BASIN,MAGNETIC,Reservoir Imaging,Site-54,3/26/2024 0:00,Yes,Rock Core,Triple,Project-54,Exploration,Well-54,Exploration,Standard Program,PROG-54,No,64.1,1737,Oil Based Mud,610,High,6.9,SP-54,Low,Medium,Layer-54,Satisfactory analysis result.,Strategic asset development,POD-54,1299,Field-54,Structure-54,21.3,3,-1.3068,108.8476,Target-54,Composite,3961,180898,39,35,5,2,WPAB-54,REF-54,1/1/2024 0:00,4/24/2024 0:00
BINTUNI,CONOCOPHILLIPS,24-0055-E,18E - Exploration & Exploitation,Approved,SERAM BLOCK PSC,CA-155,G&G,INDONESIA BASIN,SEISMIC 2D,Reservoir Imaging,Site-55,3/27/2024 0:00,Yes,Rock Core,Single,Project-55,Development,Well-55,Appraisal,Standard Program,PROG-55,Yes,123.82,1737,Oil Based Mud,556,High,10.5,SP-55,High,Low,Layer-55,Satisfactory analysis result.,Strategic asset development,POD-55,1031,Field-55,Structure-55,31.1,2.4,-1.7801,95.1479,Target-55,Steel,2722,101224,48,32,2,1,WPAB-55,REF-55,1/1/2024 0:00,4/25/2024 0:00
BARITO,REPSOL,24-0056-E,18E - Exploration & Exploitation,Closed Out,SERAM BLOCK PSC,CA-156,G&G,INDONESIA BASIN,MAGNETIC,Structure Mapping,Site-56,3/28/2024 0:00,Yes,Rock Core,Dual,Project-56,Development,Well-56,Development,Standard Program,PROG-56,No,182.54,1369,Oil Based Mud,1003,Medium,11.8,SP-56,Low,Low,Layer-56,Satisfactory analysis result.,Strategic asset development,POD-56,2393,Field-56,Structure-56,31.3,4,-2.3511,138.0018,Target-56,Composite,3661,118721,47,25,5,1,WPAB-56,REF-56,1/1/2024 0:00,4/26/2024 0:00
MAHAKAM,BP INDONESIA,24-0057-E,18E - Exploration & Exploitation,Closed Out,BARITO BLOCK PSC,CA-157,G&G,INDONESIA BASIN,MAGNETIC,Structure Mapping,Site-57,3/29/2024 0:00,No,Rock Core,Dual,Project-57,Exploration,Well-57,Appraisal,Standard Program,PROG-57,Yes,67.77,1812,Oil Based Mud,788,High,6.9,SP-57,High,Medium,Layer-57,Satisfactory analysis result.,Strategic asset development,POD-57,2745,Field-57,Structure-57,76.7,3.9,-0.7157,109.7883,Target-57,Steel,3598,163866,45,23,2,3,WPAB-57,REF-57,1/1/2024 0:00,4/27/2024 0:00
SUMATERA,REPSOL,24-0058-E,18E - Exploration & Exploitation,Draft,SUMATERA BLOCK PSC,CA-158,G&G,INDONESIA BASIN,SEISMIC 2D,Hydrocarbon Detection,Site-58,3/30/2024 0:00,No,Rock Core,Dual,Project-58,Exploration,Well-58,Exploration,Standard Program,PROG-58,Yes,157.27,2618,Water Based Mud,1189,Medium,7.4,SP-58,Moderate,Medium,Layer-58,Satisfactory analysis result.,Strategic asset development,POD-58,2931,Field-58,Structure-58,87.8,4.1,-1.3736,110.6422,Target-58,Composite,2333,128603,36,21,3,1,WPAB-58,REF-58,1/1/2024 0:00,4/28/2024 0:00
SUMATERA,PERTAMINA HULU,24-0059-E,18E - Exploration & Exploitation,Approved,BARITO BLOCK PSC,CA-159,G&G,INDONESIA BASIN,SEISMIC 2D,Structure Mapping,Site-59,3/31/2024 0:00,Yes,Rock Core,Triple,Project-59,Development,Well-59,Appraisal,Standard Program,PROG-59,Yes,109.75,2779,Water Based Mud,1312,Medium,8.7,SP-59,High,Medium,Layer-59,Satisfactory analysis result.,Strategic asset development,POD-59,2387,Field-59,Structure-59,69.1,2.3,-1.4216,95.6348,Target-59,Steel,3357,188916,48,14,2,3,WPAB-59,REF-59,1/1/2024 0:00,4/29/2024 0:00
BARITO,CONOCOPHILLIPS,24-0060-E,18E - Exploration & Exploitation,Draft,BINTUNI BLOCK PSC,CA-160,G&G,INDONESIA BASIN,SEISMIC 2D,Hydrocarbon Detection,Site-60,4/1/2024 0:00,No,Rock Core,Dual,Project-60,Development,Well-60,Appraisal,Standard Program,PROG-60,No,75.35,1574,Oil Based Mud,823,Low,8.5,SP-60,Low,High,Layer-60,Satisfactory analysis result.,Strategic asset development,POD-60,2579,Field-60,Structure-60,34.6,3.5,-2.9954,124.1339,Target-60,Composite,2188,113757,40,40,5,3,WPAB-60,REF-60,1/1/2024 0:00,4/30/2024 0:00
MAHAKAM,PERTAMINA HULU,24-0061-E,18E - Exploration & Exploitation,Draft,SUMATERA BLOCK PSC,CA-161,G&G,INDONESIA BASIN,GRAVITY,Stratigraphic Correlation,Site-61,4/2/2024 0:00,Yes,Rock Core,Triple,Project-61,Development,Well-61,Development,Standard Program,PROG-61,Yes,197.25,2392,Oil Based Mud,902,High,6.4,SP-61,High,Medium,Layer-61,Satisfactory analysis result.,Strategic asset development,POD-61,1650,Field-61,Structure-61,81.8,1,-2.8775,114.4203,Target-61,Steel,2278,163839,37,26,4,2,WPAB-61,REF-61,1/1/2024 0:00,5/1/2024 0:00
BARITO,BP INDONESIA,24-0062-E,18E - Exploration & Exploitation,Closed Out,SERAM BLOCK PSC,CA-162,G&G,INDONESIA BASIN,SEISMIC 2D,Structure Mapping,Site-62,4/3/2024 0:00,Yes,Rock Core,Single,Project-62,Exploration,Well-62,Exploration,Standard Program,PROG-62,No,145.58,1738,Oil Based Mud,1001,Low,9,SP-62,High,Low,Layer-62,Satisfactory analysis result.,Strategic asset development,POD-62,2770,Field-62,Structure-62,64.3,1.1,-2.4417,121.666,Target-62,Composite,2139,127158,46,32,2,2,WPAB-62,REF-62,1/1/2024 0:00,5/2/2024 0:00
SUMATERA,BP INDONESIA,24-0063-E,18E - Exploration & Exploitation,Draft,MAHAKAM BLOCK PSC,CA-163,G&G,INDONESIA BASIN,G&G STUDY,Stratigraphic Correlation,Site-63,4/4/2024 0:00,No,Rock Core,Dual,Project-63,Development,Well-63,Appraisal,Standard Program,PROG-63,No,186.9,1348,Oil Based Mud,689,Low,10.9,SP-63,Low,High,Layer-63,Satisfactory analysis result.,Strategic asset development,POD-63,2400,Field-63,Structure-63,20.5,2,-0.4826,129.4544,Target-63,Steel,3838,172379,35,33,4,2,WPAB-63,REF-63,1/1/2024 0:00,5/3/2024 0:00
BARITO,BP INDONESIA,24-0064-E,18E - Exploration & Exploitation,Draft,SERAM BLOCK PSC,CA-164,G&G,INDONESIA BASIN,GRAVITY,Stratigraphic Correlation,Site-64,4/5/2024 0:00,No,Rock Core,Dual,Project-64,Exploration,Well-64,Appraisal,Standard Program,PROG-64,No,66.27,2301,Water Based Mud,1152,Low,10.2,SP-64,High,High,Layer-64,Satisfactory analysis result.,Strategic asset development,POD-64,2456,Field-64,Structure-64,40,4.7,-2.4005,126.847,Target-64,Composite,1778,158706,32,37,2,2,WPAB-64,REF-64,1/1/2024 0:00,5/4/2024 0:00
BINTUNI,CONOCOPHILLIPS,24-0065-E,18E - Exploration & Exploitation,Approved,BINTUNI BLOCK PSC,CA-165,G&G,INDONESIA BASIN,MAGNETIC,Hydrocarbon Detection,Site-65,4/6/2024 0:00,No,Rock Core,Triple,Project-65,Development,Well-65,Development,Standard Program,PROG-65,Yes,136.01,1317,Oil Based Mud,894,High,6.1,SP-65,Low,Low,Layer-65,Satisfactory analysis result.,Strategic asset development,POD-65,1238,Field-65,Structure-65,71.8,2.8,-0.1571,128.6558,Target-65,Steel,1523,111844,35,29,4,3,WPAB-65,REF-65,1/1/2024 0:00,5/5/2024 0:00
MAHAKAM,PERTAMINA HULU,24-0066-E,18E - Exploration & Exploitation,Draft,MAHAKAM BLOCK PSC,CA-166,G&G,INDONESIA BASIN,SEISMIC 2D,Stratigraphic Correlation,Site-66,4/7/2024 0:00,No,Rock Core,Single,Project-66,Exploration,Well-66,Exploration,Standard Program,PROG-66,Yes,151.78,1221,Water Based Mud,1295,Medium,11.5,SP-66,High,Medium,Layer-66,Satisfactory analysis result.,Strategic asset development,POD-66,1109,Field-66,Structure-66,73.8,3.8,-2.1845,112.1824,Target-66,Steel,3802,151084,48,40,2,3,WPAB-66,REF-66,1/1/2024 0:00,5/6/2024 0:00
SUMATERA,PERTAMINA HULU,24-0067-E,18E - Exploration & Exploitation,Approved,BINTUNI BLOCK PSC,CA-167,G&G,INDONESIA BASIN,GRAVITY,Stratigraphic Correlation,Site-67,4/8/2024 0:00,No,Rock Core,Dual,Project-67,Development,Well-67,Development,Standard Program,PROG-67,Yes,123.7,2526,Water Based Mud,691,High,7,SP-67,High,High,Layer-67,Satisfactory analysis result.,Strategic asset development,POD-67,2560,Field-67,Structure-67,89.2,2.9,-2.276,109.5714,Target-67,Steel,1465,140608,30,17,5,1,WPAB-67,REF-67,1/1/2024 0:00,5/7/2024 0:00
SERAM,ALTAR RESOURCES,24-0068-E,18E - Exploration & Exploitation,Approved,BARITO BLOCK PSC,CA-168,G&G,INDONESIA BASIN,SEISMIC 2D,Stratigraphic Correlation,Site-68,4/9/2024 0:00,Yes,Rock Core,Triple,Project-68,Development,Well-68,Appraisal,Standard Program,PROG-68,Yes,197.77,1646,Water Based Mud,1270,Medium,8.1,SP-68,Low,High,Layer-68,Satisfactory analysis result.,Strategic asset development,POD-68,2070,Field-68,Structure-68,52.1,2.4,-1.8694,139.8083,Target-68,Steel,2327,188782,40,14,3,3,WPAB-68,REF-68,1/1/2024 0:00,5/8/2024 0:00
MAHAKAM,REPSOL,24-0069-E,18E - Exploration & Exploitation,Draft,SUMATERA BLOCK PSC,CA-169,G&G,INDONESIA BASIN,G&G STUDY,Structure Mapping,Site-69,4/10/2024 0:00,Yes,Rock Core,Triple,Project-69,Exploration,Well-69,Appraisal,Standard Program,PROG-69,No,165.95,1398,Water Based Mud,1345,Medium,11.7,SP-69,Moderate,Low,Layer-69,Satisfactory analysis result.,Strategic asset development,POD-69,1173,Field-69,Structure-69,24.2,3.7,-1.3804,134.6387,Target-69,Steel,2290,140545,48,15,5,1,WPAB-69,REF-69,1/1/2024 0:00,5/9/2024 0:00
BINTUNI,REPSOL,24-0070-E,18E - Exploration & Exploitation,Approved,BINTUNI BLOCK PSC,CA-170,G&G,INDONESIA BASIN,SEISMIC 3D,Structure Mapping,Site-70,4/11/2024 0:00,Yes,Rock Core,Triple,Project-70,Development,Well-70,Appraisal,Standard Program,PROG-70,Yes,102.75,2505,Water Based Mud,783,High,10.7,SP-70,Low,High,Layer-70,Satisfactory analysis result.,Strategic asset development,POD-70,2854,Field-70,Structure-70,75.1,4.7,-0.3324,105.7901,Target-70,Steel,2879,179338,46,35,4,3,WPAB-70,REF-70,1/1/2024 0:00,5/10/2024 0:00
SUMATERA,REPSOL,24-0071-E,18E - Exploration & Exploitation,Approved,MAHAKAM BLOCK PSC,CA-171,G&G,INDONESIA BASIN,GRAVITY,Hydrocarbon Detection,Site-71,4/12/2024 0:00,No,Rock Core,Dual,Project-71,Development,Well-71,Development,Standard Program,PROG-71,Yes,64.32,2389,Water Based Mud,781,High,7.8,SP-71,Low,High,Layer-71,Satisfactory analysis result.,Strategic asset development,POD-71,1913,Field-71,Structure-71,31.8,4.5,-0.7255,134.7838,Target-71,Composite,1260,112018,50,39,3,1,WPAB-71,REF-71,1/1/2024 0:00,5/11/2024 0:00
BARITO,BP INDONESIA,24-0072-E,18E - Exploration & Exploitation,Approved,MAHAKAM BLOCK PSC,CA-172,G&G,INDONESIA BASIN,GRAVITY,Structure Mapping,Site-72,4/13/2024 0:00,Yes,Rock Core,Triple,Project-72,Development,Well-72,Development,Standard Program,PROG-72,No,189.52,2070,Water Based Mud,567,High,6.9,SP-72,Moderate,High,Layer-72,Satisfactory analysis result.,Strategic asset development,POD-72,2000,Field-72,Structure-72,58,2.3,-1.3294,134.5529,Target-72,Steel,3983,171320,37,33,4,3,WPAB-72,REF-72,1/1/2024 0:00,5/12/2024 0:00
MAHAKAM,PERTAMINA HULU,24-0073-E,18E - Exploration & Exploitation,Draft,BARITO BLOCK PSC,CA-173,G&G,INDONESIA BASIN,SEISMIC 3D,Structure Mapping,Site-73,4/14/2024 0:00,Yes,Rock Core,Triple,Project-73,Exploration,Well-73,Exploration,Standard Program,PROG-73,Yes,104.39,1037,Oil Based Mud,691,Medium,10.1,SP-73,High,Medium,Layer-73,Satisfactory analysis result.,Strategic asset development,POD-73,2462,Field-73,Structure-73,91.4,2.2,-2.8606,95.7379,Target-73,Steel,3057,151726,49,11,3,2,WPAB-73,REF-73,1/1/2024 0:00,5/13/2024 0:00
SERAM,CONOCOPHILLIPS,24-0074-E,18E - Exploration & Exploitation,Closed Out,SERAM BLOCK PSC,CA-174,G&G,INDONESIA BASIN,SEISMIC 3D,Hydrocarbon Detection,Site-74,4/15/2024 0:00,No,Rock Core,Dual,Project-74,Development,Well-74,Appraisal,Standard Program,PROG-74,No,162.99,1165,Water Based Mud,671,High,7.3,SP-74,High,Low,Layer-74,Satisfactory analysis result.,Strategic asset development,POD-74,2945,Field-74,Structure-74,26.1,4.4,-1.5071,110.1489,Target-74,Composite,3896,106511,43,14,3,1,WPAB-74,REF-74,1/1/2024 0:00,5/14/2024 0:00
BINTUNI,CONOCOPHILLIPS,24-0075-E,18E - Exploration & Exploitation,Draft,BARITO BLOCK PSC,CA-175,G&G,INDONESIA BASIN,SEISMIC 2D,Stratigraphic Correlation,Site-75,4/16/2024 0:00,Yes,Rock Core,Dual,Project-75,Exploration,Well-75,Appraisal,Standard Program,PROG-75,Yes,192.37,1179,Oil Based Mud,929,Low,9.5,SP-75,Low,Low,Layer-75,Satisfactory analysis result.,Strategic asset development,POD-75,2415,Field-75,Structure-75,99.5,2.8,-2.3084,117.2083,Target-75,Steel,1708,135950,34,36,3,2,WPAB-75,REF-75,1/1/2024 0:00,5/15/2024 0:00
SUMATERA,REPSOL,24-0076-E,18E - Exploration & Exploitation,Approved,SERAM BLOCK PSC,CA-176,G&G,INDONESIA BASIN,GRAVITY,Structure Mapping,Site-76,4/17/2024 0:00,Yes,Rock Core,Single,Project-76,Exploration,Well-76,Development,Standard Program,PROG-76,Yes,78.73,2773,Oil Based Mud,541,High,6.2,SP-76,Low,High,Layer-76,Satisfactory analysis result.,Strategic asset development,POD-76,2305,Field-76,Structure-76,63,3,-0.2253,119.3622,Target-76,Steel,3921,142295,47,35,5,3,WPAB-76,REF-76,1/1/2024 0:00,5/16/2024 0:00
SUMATERA,BP INDONESIA,24-0077-E,18E - Exploration & Exploitation,Closed Out,BINTUNI BLOCK PSC,CA-177,G&G,INDONESIA BASIN,SEISMIC 2D,Stratigraphic Correlation,Site-77,4/18/2024 0:00,No,Rock Core,Triple,Project-77,Exploration,Well-77,Appraisal,Standard Program,PROG-77,Yes,173.62,2974,Water Based Mud,977,Low,9.2,SP-77,High,Low,Layer-77,Satisfactory analysis result.,Strategic asset development,POD-77,2308,Field-77,Structure-77,62.6,5,-1.0427,139.0002,Target-77,Steel,1880,104678,37,26,3,3,WPAB-77,REF-77,1/1/2024 0:00,5/17/2024 0:00
SERAM,BP INDONESIA,24-0078-E,18E - Exploration & Exploitation,Approved,BARITO BLOCK PSC,CA-178,G&G,INDONESIA BASIN,G&G STUDY,Structure Mapping,Site-78,4/19/2024 0:00,Yes,Rock Core,Triple,Project-78,Exploration,Well-78,Appraisal,Standard Program,PROG-78,No,196.96,1098,Oil Based Mud,862,High,9.5,SP-78,High,Medium,Layer-78,Satisfactory analysis result.,Strategic asset development,POD-78,2495,Field-78,Structure-78,44.4,3.5,-1.5187,105.6869,Target-78,Composite,1493,174181,35,39,4,2,WPAB-78,REF-78,1/1/2024 0:00,5/18/2024 0:00
MAHAKAM,PERTAMINA HULU,24-0079-E,18E - Exploration & Exploitation,Closed Out,MAHAKAM BLOCK PSC,CA-179,G&G,INDONESIA BASIN,MAGNETIC,Stratigraphic Correlation,Site-79,4/20/2024 0:00,No,Rock Core,Dual,Project-79,Development,Well-79,Development,Standard Program,PROG-79,No,98.71,1546,Oil Based Mud,1396,Low,6.4,SP-79,Low,Low,Layer-79,Satisfactory analysis result.,Strategic asset development,POD-79,2414,Field-79,Structure-79,97.5,1.4,-1.3001,110.8703,Target-79,Composite,3153,180772,47,22,2,3,WPAB-79,REF-79,1/1/2024 0:00,5/19/2024 0:00
SUMATERA,ALTAR RESOURCES,24-0080-E,18E - Exploration & Exploitation,Closed Out,SERAM BLOCK PSC,CA-180,G&G,INDONESIA BASIN,SEISMIC 2D,Structure Mapping,Site-80,4/21/2024 0:00,Yes,Rock Core,Single,Project-80,Exploration,Well-80,Development,Standard Program,PROG-80,No,186.33,2515,Oil Based Mud,686,Medium,11,SP-80,Moderate,High,Layer-80,Satisfactory analysis result.,Strategic asset development,POD-80,2753,Field-80,Structure-80,61.8,4.7,-2.152,132.3051,Target-80,Composite,2375,129294,33,30,3,2,WPAB-80,REF-80,1/1/2024 0:00,5/20/2024 0:00
MAHAKAM,PERTAMINA HULU,24-0081-E,18E - Exploration & Exploitation,Draft,SERAM BLOCK PSC,CA-181,G&G,INDONESIA BASIN,GRAVITY,Structure Mapping,Site-81,4/22/2024 0:00,No,Rock Core,Triple,Project-81,Exploration,Well-81,Development,Standard Program,PROG-81,Yes,139.04,1572,Oil Based Mud,538,High,8.5,SP-81,Moderate,Low,Layer-81,Satisfactory analysis result.,Strategic asset development,POD-81,2968,Field-81,Structure-81,32.3,4.2,-1.9347,127.5758,Target-81,Steel,3181,147859,50,21,4,1,WPAB-81,REF-81,1/1/2024 0:00,5/21/2024 0:00
SERAM,PERTAMINA HULU,24-0082-E,18E - Exploration & Exploitation,Closed Out,SUMATERA BLOCK PSC,CA-182,G&G,INDONESIA BASIN,GRAVITY,Structure Mapping,Site-82,4/23/2024 0:00,Yes,Rock Core,Dual,Project-82,Exploration,Well-82,Appraisal,Standard Program,PROG-82,Yes,91.67,2637,Water Based Mud,661,Low,8.5,SP-82,Moderate,High,Layer-82,Satisfactory analysis result.,Strategic asset development,POD-82,2964,Field-82,Structure-82,75.9,3.9,-1.63,119.8285,Target-82,Composite,1653,148555,50,40,4,3,WPAB-82,REF-82,1/1/2024 0:00,5/22/2024 0:00
MAHAKAM,BP INDONESIA,24-0083-E,18E - Exploration & Exploitation,Approved,BINTUNI BLOCK PSC,CA-183,G&G,INDONESIA BASIN,GRAVITY,Hydrocarbon Detection,Site-83,4/24/2024 0:00,No,Rock Core,Single,Project-83,Development,Well-83,Appraisal,Standard Program,PROG-83,No,150.69,2874,Water Based Mud,1379,High,10.5,SP-83,Low,High,Layer-83,Satisfactory analysis result.,Strategic asset development,POD-83,2353,Field-83,Structure-83,56.3,2.8,-2.3861,110.5788,Target-83,Composite,2457,103252,36,29,2,1,WPAB-83,REF-83,1/1/2024 0:00,5/23/2024 0:00
MAHAKAM,REPSOL,24-0084-E,18E - Exploration & Exploitation,Approved,BARITO BLOCK PSC,CA-184,G&G,INDONESIA BASIN,GRAVITY,Structure Mapping,Site-84,4/25/2024 0:00,Yes,Rock Core,Triple,Project-84,Exploration,Well-84,Development,Standard Program,PROG-84,No,107.91,2548,Oil Based Mud,1366,Medium,6.6,SP-84,Moderate,Low,Layer-84,Satisfactory analysis result.,Strategic asset development,POD-84,1725,Field-84,Structure-84,38.7,1.4,-2.7913,121.0051,Target-84,Composite,1636,105517,33,10,4,2,WPAB-84,REF-84,1/1/2024 0:00,5/24/2024 0:00
SUMATERA,PERTAMINA HULU,24-0085-E,18E - Exploration & Exploitation,Draft,SERAM BLOCK PSC,CA-185,G&G,INDONESIA BASIN,SEISMIC 3D,Structure Mapping,Site-85,4/26/2024 0:00,No,Rock Core,Dual,Project-85,Development,Well-85,Appraisal,Standard Program,PROG-85,Yes,74.47,1234,Oil Based Mud,1235,High,10.1,SP-85,High,High,Layer-85,Satisfactory analysis result.,Strategic asset development,POD-85,2893,Field-85,Structure-85,24.1,2.4,-2.223,126.0996,Target-85,Steel,3156,185133,30,33,2,1,WPAB-85,REF-85,1/1/2024 0:00,5/25/2024 0:00
BARITO,BP INDONESIA,24-0086-E,18E - Exploration & Exploitation,Approved,BINTUNI BLOCK PSC,CA-186,G&G,INDONESIA BASIN,G&G STUDY,Structure Mapping,Site-86,4/27/2024 0:00,Yes,Rock Core,Triple,Project-86,Development,Well-86,Exploration,Standard Program,PROG-86,No,174.98,2895,Water Based Mud,1467,Low,10.4,SP-86,Low,High,Layer-86,Satisfactory analysis result.,Strategic asset development,POD-86,1326,Field-86,Structure-86,83.3,3,-1.9337,126.4373,Target-86,Composite,1477,135303,31,21,4,1,WPAB-86,REF-86,1/1/2024 0:00,5/26/2024 0:00
SUMATERA,REPSOL,24-0087-E,18E - Exploration & Exploitation,Approved,BARITO BLOCK PSC,CA-187,G&G,INDONESIA BASIN,SEISMIC 2D,Stratigraphic Correlation,Site-87,4/28/2024 0:00,Yes,Rock Core,Triple,Project-87,Exploration,Well-87,Development,Standard Program,PROG-87,No,103.63,2987,Water Based Mud,713,Low,10.9,SP-87,Low,Medium,Layer-87,Satisfactory analysis result.,Strategic asset development,POD-87,1526,Field-87,Structure-87,43.7,3.8,-1.6287,102.1035,Target-87,Steel,1867,125235,32,10,2,1,WPAB-87,REF-87,1/1/2024 0:00,5/27/2024 0:00
SERAM,REPSOL,24-0088-E,18E - Exploration & Exploitation,Approved,BARITO BLOCK PSC,CA-188,G&G,INDONESIA BASIN,G&G STUDY,Reservoir Imaging,Site-88,4/29/2024 0:00,Yes,Rock Core,Dual,Project-88,Development,Well-88,Development,Standard Program,PROG-88,Yes,65.14,2229,Oil Based Mud,1113,Medium,6.9,SP-88,High,Medium,Layer-88,Satisfactory analysis result.,Strategic asset development,POD-88,2327,Field-88,Structure-88,81.5,4,-0.1763,100.4314,Target-88,Steel,1305,198915,47,22,5,1,WPAB-88,REF-88,1/1/2024 0:00,5/28/2024 0:00
SERAM,PERTAMINA HULU,24-0089-E,18E - Exploration & Exploitation,Approved,SUMATERA BLOCK PSC,CA-189,G&G,INDONESIA BASIN,SEISMIC 3D,Structure Mapping,Site-89,4/30/2024 0:00,Yes,Rock Core,Triple,Project-89,Development,Well-89,Exploration,Standard Program,PROG-89,No,97.81,1324,Oil Based Mud,1182,Low,7.3,SP-89,High,Medium,Layer-89,Satisfactory analysis result.,Strategic asset development,POD-89,1673,Field-89,Structure-89,70.7,2.3,-2.7773,138.597,Target-89,Steel,1057,117722,47,35,3,3,WPAB-89,REF-89,1/1/2024 0:00,5/29/2024 0:00
SUMATERA,REPSOL,24-0090-E,18E - Exploration & Exploitation,Draft,MAHAKAM BLOCK PSC,CA-190,G&G,INDONESIA BASIN,SEISMIC 2D,Structure Mapping,Site-90,5/1/2024 0:00,Yes,Rock Core,Triple,Project-90,Exploration,Well-90,Exploration,Standard Program,PROG-90,Yes,169.6,2527,Oil Based Mud,641,Medium,9.8,SP-90,High,Low,Layer-90,Satisfactory analysis result.,Strategic asset development,POD-90,1111,Field-90,Structure-90,80.8,4.3,-0.6868,136.1057,Target-90,Composite,1856,159735,50,14,4,1,WPAB-90,REF-90,1/1/2024 0:00,5/30/2024 0:00
SERAM,PERTAMINA HULU,24-0091-E,18E - Exploration & Exploitation,Draft,SERAM BLOCK PSC,CA-191,G&G,INDONESIA BASIN,G&G STUDY,Hydrocarbon Detection,Site-91,5/2/2024 0:00,Yes,Rock Core,Dual,Project-91,Exploration,Well-91,Exploration,Standard Program,PROG-91,Yes,163.83,2383,Oil Based Mud,785,High,6,SP-91,Moderate,Low,Layer-91,Satisfactory analysis result.,Strategic asset development,POD-91,2756,Field-91,Structure-91,67.6,4.5,-1.0197,130.6269,Target-91,Steel,1019,154981,42,27,2,3,WPAB-91,REF-91,1/1/2024 0:00,5/31/2024 0:00
SUMATERA,BP INDONESIA,24-0092-E,18E - Exploration & Exploitation,Draft,BARITO BLOCK PSC,CA-192,G&G,INDONESIA BASIN,SEISMIC 3D,Hydrocarbon Detection,Site-92,5/3/2024 0:00,Yes,Rock Core,Single,Project-92,Exploration,Well-92,Exploration,Standard Program,PROG-92,Yes,138.23,1476,Water Based Mud,704,High,7.7,SP-92,Low,Medium,Layer-92,Satisfactory analysis result.,Strategic asset development,POD-92,2657,Field-92,Structure-92,21.9,4.6,-1.3243,116.7029,Target-92,Composite,3268,131916,50,28,5,2,WPAB-92,REF-92,1/1/2024 0:00,6/1/2024 0:00
SERAM,PERTAMINA HULU,24-0093-E,18E - Exploration & Exploitation,Draft,BINTUNI BLOCK PSC,CA-193,G&G,INDONESIA BASIN,G&G STUDY,Reservoir Imaging,Site-93,5/4/2024 0:00,Yes,Rock Core,Triple,Project-93,Exploration,Well-93,Exploration,Standard Program,PROG-93,No,194.62,1141,Oil Based Mud,909,High,6,SP-93,High,Low,Layer-93,Satisfactory analysis result.,Strategic asset development,POD-93,1344,Field-93,Structure-93,44.1,2.9,-0.6653,123.0885,Target-93,Steel,1799,139766,36,17,3,3,WPAB-93,REF-93,1/1/2024 0:00,6/2/2024 0:00
MAHAKAM,PERTAMINA HULU,24-0094-E,18E - Exploration & Exploitation,Closed Out,SUMATERA BLOCK PSC,CA-194,G&G,INDONESIA BASIN,MAGNETIC,Stratigraphic Correlation,Site-94,5/5/2024 0:00,No,Rock Core,Dual,Project-94,Exploration,Well-94,Appraisal,Standard Program,PROG-94,No,129.62,2298,Oil Based Mud,1349,Medium,8.4,SP-94,High,Medium,Layer-94,Satisfactory analysis result.,Strategic asset development,POD-94,2843,Field-94,Structure-94,52.3,4.5,-1.9034,104.7916,Target-94,Composite,2752,110396,47,11,5,3,WPAB-94,REF-94,1/1/2024 0:00,6/3/2024 0:00
MAHAKAM,ALTAR RESOURCES,24-0095-E,18E - Exploration & Exploitation,Closed Out,SUMATERA BLOCK PSC,CA-195,G&G,INDONESIA BASIN,MAGNETIC,Reservoir Imaging,Site-95,5/6/2024 0:00,No,Rock Core,Dual,Project-95,Exploration,Well-95,Development,Standard Program,PROG-95,No,199.01,1328,Water Based Mud,1273,High,8.3,SP-95,Moderate,Low,Layer-95,Satisfactory analysis result.,Strategic asset development,POD-95,2468,Field-95,Structure-95,90.3,3.7,-2.7265,130.614,Target-95,Composite,2798,174866,35,35,5,1,WPAB-95,REF-95,1/1/2024 0:00,6/4/2024 0:00
MAHAKAM,PERTAMINA HULU,24-0096-E,18E - Exploration & Exploitation,Approved,BINTUNI BLOCK PSC,CA-196,G&G,INDONESIA BASIN,SEISMIC 3D,Stratigraphic Correlation,Site-96,5/7/2024 0:00,No,Rock Core,Dual,Project-96,Development,Well-96,Exploration,Standard Program,PROG-96,No,187.14,1318,Oil Based Mud,805,Low,7.2,SP-96,Moderate,Low,Layer-96,Satisfactory analysis result.,Strategic asset development,POD-96,1357,Field-96,Structure-96,33.3,2.5,-0.9874,114.6038,Target-96,Steel,1243,100762,32,21,2,3,WPAB-96,REF-96,1/1/2024 0:00,6/5/2024 0:00
BARITO,BP INDONESIA,24-0097-E,18E - Exploration & Exploitation,Approved,MAHAKAM BLOCK PSC,CA-197,G&G,INDONESIA BASIN,GRAVITY,Reservoir Imaging,Site-97,5/8/2024 0:00,No,Rock Core,Dual,Project-97,Exploration,Well-97,Exploration,Standard Program,PROG-97,Yes,105.76,1774,Oil Based Mud,511,High,8.2,SP-97,Low,Low,Layer-97,Satisfactory analysis result.,Strategic asset development,POD-97,2602,Field-97,Structure-97,28.1,4.7,-2.065,128.4515,Target-97,Composite,2262,194349,33,20,3,3,WPAB-97,REF-97,1/1/2024 0:00,6/6/2024 0:00
SUMATERA,REPSOL,24-0098-E,18E - Exploration & Exploitation,Closed Out,SERAM BLOCK PSC,CA-198,G&G,INDONESIA BASIN,SEISMIC 3D,Structure Mapping,Site-98,5/9/2024 0:00,Yes,Rock Core,Triple,Project-98,Exploration,Well-98,Exploration,Standard Program,PROG-98,No,169.69,1063,Oil Based Mud,1045,Low,7.2,SP-98,High,Low,Layer-98,Satisfactory analysis result.,Strategic asset development,POD-98,2047,Field-98,Structure-98,59.2,3.9,-0.9081,134.9596,Target-98,Composite,3091,195871,36,18,5,1,WPAB-98,REF-98,1/1/2024 0:00,6/7/2024 0:00
MAHAKAM,REPSOL,24-0099-E,18E - Exploration & Exploitation,Approved,BARITO BLOCK PSC,CA-199,G&G,INDONESIA BASIN,MAGNETIC,Structure Mapping,Site-99,5/10/2024 0:00,No,Rock Core,Single,Project-99,Exploration,Well-99,Appraisal,Standard Program,PROG-99,No,118.78,2738,Oil Based Mud,815,Low,7.4,SP-99,Moderate,Low,Layer-99,Satisfactory analysis result.,Strategic asset development,POD-99,1804,Field-99,Structure-99,62.5,2,-1.2264,114.6758,Target-99,Steel,2860,178433,36,18,5,2,WPAB-99,REF-99,1/1/2024 0:00,6/8/2024 0:00
